First Name ,Last Name,Age,DOB,Mobile ,Email
Mike ,Ade,21,21/10/2010,90208474875,mike@gmail.com
Samson,James,32,21/10/2011,90208476875,samson@gmail.com
Grace,Tim,24,21/10/2012,90208444875,grace@gmail.com
Timothy,Brad,18,21/10/2013,90208474874,timothy@gmail.com
Grey,Timothy,90,21/10/2014,90208475875,grey@gmail.com
Frank,Obi,10,21/10/2015,90208474870,frank@gmail.com
Kimberly,Praise,23,21/10/2016,90208474873,mike@gmail.com
Sam,Keji,11,21/10/2017,90208474871,mike@gmail.com
Adeola,Mutiu,34,21/10/2018,90208474275,mike@gmail.com